Año,Trimestre,Fibra óptica,Provincia
2024,2,1849476,Buenos Aires
2024,2,230402,Capital Federal
2024,2,58355,Catamarca
2024,2,68944,Chaco
2024,2,26516,Chubut
2024,2,477504,Córdoba
2024,2,39792,Corrientes
2024,2,68540,Entre Ríos
2024,2,18977,Formosa
2024,2,53492,Jujuy
2024,2,37226,La Pampa
2024,2,23294,La Rioja
2024,2,188815,Mendoza
2024,2,87389,Misiones
2024,2,41784,Neuquén
2024,2,67636,Río Negro
2024,2,64689,Salta
2024,2,45792,San Juan
2024,2,34255,San Luis
2024,2,49545,Santa Cruz
2024,2,390090,Santa Fe
2024,2,30008,Santiago Del Estero
2024,2,3684,Tierra Del Fuego
2024,2,213753,Tucumán
2024,1,203756,Capital Federal
2024,1,56542,Catamarca
2024,1,64463,Chaco
2024,1,26356,Chubut
2024,1,458985,Córdoba
2024,1,38268,Corrientes
2024,1,66180,Entre Ríos
2024,1,17908,Formosa
2024,1,51084,Jujuy
2024,1,35556,La Pampa
2024,1,23086,La Rioja
2024,1,185460,Mendoza
2024,1,81498,Misiones
2024,1,41577,Neuquén
2024,1,66889,Río Negro
2024,1,61543,Salta
2024,1,44904,San Juan
2024,1,31539,San Luis
2024,1,49545,Santa Cruz
2024,1,374288,Santa Fe
2024,1,27018,Santiago Del Estero
2024,1,3684,Tierra Del Fuego
2024,1,205959,Tucumán
2023,4,1784593,Buenos Aires
2023,4,182520,Capital Federal
2023,4,55437,Catamarca
2023,4,62301,Chaco
2023,4,26174,Chubut
2023,4,440536,Córdoba
2023,4,35968,Corrientes
2023,4,61667,Entre Ríos
2023,4,16179,Formosa
2023,4,49947,Jujuy
2023,4,34331,La Pampa
2023,4,22559,La Rioja
2023,4,182220,Mendoza
2023,4,75382,Misiones
2023,4,41583,Neuquén
2023,4,64323,Río Negro
2023,4,60800,Salta
2023,4,42691,San Juan
2023,4,30135,San Luis
2023,4,55246,Santa Cruz
2023,4,355762,Santa Fe
2023,4,24271,Santiago Del Estero
2023,4,3682,Tierra Del Fuego
2023,4,199876,Tucumán
2023,3,1740239,Buenos Aires
2023,3,167428,Capital Federal
2023,3,54650,Catamarca
2023,3,54993,Chaco
2023,3,25827,Chubut
2023,3,417338,Córdoba
2023,3,36032,Corrientes
2023,3,54794,Entre Ríos
2023,3,14904,Formosa
2023,3,48350,Jujuy
2023,3,32891,La Pampa
2023,3,22054,La Rioja
2023,3,178719,Mendoza
2023,3,70003,Misiones
2023,3,39243,Neuquén
2023,3,56668,Río Negro
2023,3,59914,Salta
2023,3,42383,San Juan
2023,3,24525,San Luis
2023,3,11270,Santa Cruz
2023,3,336013,Santa Fe
2023,3,21745,Santiago Del Estero
2023,3,3682,Tierra Del Fuego
2023,3,195053,Tucumán
2023,2,1645945,Buenos Aires
2023,2,136295,Capital Federal
2023,2,53177,Catamarca
2023,2,51955,Chaco
2023,2,16111,Chubut
2023,2,411703,Córdoba
2023,2,32834,Corrientes
2023,2,49251,Entre Ríos
2023,2,13698,Formosa
2023,2,47289,Jujuy
2023,2,31449,La Pampa
2023,2,21245,La Rioja
2023,2,171857,Mendoza
2023,2,64406,Misiones
2023,2,35171,Neuquén
2023,2,53325,Río Negro
2023,2,58275,Salta
2023,2,25217,San Juan
2023,2,15595,San Luis
2023,2,11269,Santa Cruz
2023,2,311166,Santa Fe
2023,2,17244,Santiago Del Estero
2023,2,525,Tierra Del Fuego
2023,2,188986,Tucumán
2023,1,1551074,Buenos Aires
2023,1,156222,Capital Federal
2023,1,50230,Catamarca
2023,1,49756,Chaco
2023,1,9815,Chubut
2023,1,386297,Córdoba
2023,1,30016,Corrientes
2023,1,44508,Entre Ríos
2023,1,13345,Formosa
2023,1,46271,Jujuy
2023,1,28126,La Pampa
2023,1,20722,La Rioja
2023,1,152534,Mendoza
2023,1,56619,Misiones
2023,1,32296,Neuquén
2023,1,45329,Río Negro
2023,1,56259,Salta
2023,1,12798,San Juan
2023,1,6952,San Luis
2023,1,12217,Santa Cruz
2023,1,283988,Santa Fe
2023,1,16656,Santiago Del Estero
2023,1,405,Tierra Del Fuego
2023,1,180976,Tucumán
2022,4,1499149,Buenos Aires
2022,4,138548,Capital Federal
2022,4,47337,Catamarca
2022,4,47285,Chaco
2022,4,9815,Chubut
2022,4,367393,Córdoba
2022,4,26752,Corrientes
2022,4,40798,Entre Ríos
2022,4,13118,Formosa
2022,4,42626,Jujuy
2022,4,24552,La Pampa
2022,4,19328,La Rioja
2022,4,147080,Mendoza
2022,4,46885,Misiones
2022,4,31567,Neuquén
2022,4,43958,Río Negro
2022,4,53470,Salta
2022,4,12491,San Juan
2022,4,3409,San Luis
2022,4,12217,Santa Cruz
2022,4,248558,Santa Fe
2022,4,15117,Santiago Del Estero
2022,4,405,Tierra Del Fuego
2022,4,168717,Tucumán
2022,3,1436433,Buenos Aires
2022,3,129218,Capital Federal
2022,3,46224,Catamarca
2022,3,44645,Chaco
2022,3,9574,Chubut
2022,3,338570,Córdoba
2022,3,18619,Corrientes
2022,3,36971,Entre Ríos
2022,3,11041,Formosa
2022,3,40172,Jujuy
2022,3,23551,La Pampa
2022,3,19697,La Rioja
2022,3,142615,Mendoza
2022,3,39046,Misiones
2022,3,29396,Neuquén
2022,3,41017,Río Negro
2022,3,50254,Salta
2022,3,12328,San Juan
2022,3,248,San Luis
2022,3,10815,Santa Cruz
2022,3,215189,Santa Fe
2022,3,13170,Santiago Del Estero
2022,3,403,Tierra Del Fuego
2022,3,162345,Tucumán
2022,2,1399043,Buenos Aires
2022,2,121506,Capital Federal
2022,2,42087,Catamarca
2022,2,42194,Chaco
2022,2,9574,Chubut
2022,2,308895,Córdoba
2022,2,18181,Corrientes
2022,2,35839,Entre Ríos
2022,2,9875,Formosa
2022,2,34184,Jujuy
2022,2,22994,La Pampa
2022,2,19189,La Rioja
2022,2,135504,Mendoza
2022,2,33649,Misiones
2022,2,28824,Neuquén
2022,2,40946,Río Negro
2022,2,47076,Salta
2022,2,12328,San Juan
2022,2,248,San Luis
2022,2,10815,Santa Cruz
2022,2,189503,Santa Fe
2022,2,11605,Santiago Del Estero
2022,2,403,Tierra Del Fuego
2022,2,148823,Tucumán
2022,1,1242121,Buenos Aires
2022,1,62308,Capital Federal
2022,1,29118,Catamarca
2022,1,36662,Chaco
2022,1,9184,Chubut
2022,1,235838,Córdoba
2022,1,10875,Corrientes
2022,1,23091,Entre Ríos
2022,1,5146,Formosa
2022,1,25949,Jujuy
2022,1,21739,La Pampa
2022,1,9546,La Rioja
2022,1,123228,Mendoza
2022,1,25178,Misiones
2022,1,24193,Neuquén
2022,1,38037,Río Negro
2022,1,40994,Salta
2022,1,11294,San Juan
2022,1,31,San Luis
2022,1,10766,Santa Cruz
2022,1,146552,Santa Fe
2022,1,1093,Santiago Del Estero
2022,1,416,Tierra Del Fuego
2022,1,86174,Tucumán
2021,4,1176024,Buenos Aires
2021,4,60005,Capital Federal
2021,4,25100,Catamarca
2021,4,34688,Chaco
2021,4,9655,Chubut
2021,4,217214,Córdoba
2021,4,10138,Corrientes
2021,4,23452,Entre Ríos
2021,4,5151,Formosa
2021,4,24156,Jujuy
2021,4,20192,La Pampa
2021,4,9446,La Rioja
2021,4,109667,Mendoza
2021,4,22035,Misiones
2021,4,23253,Neuquén
2021,4,32212,Río Negro
2021,4,39555,Salta
2021,4,11072,San Juan
2021,4,30,San Luis
2021,4,10031,Santa Cruz
2021,4,128856,Santa Fe
2021,4,1088,Santiago Del Estero
2021,4,426,Tierra Del Fuego
2021,4,78790,Tucumán
2021,3,885613,Buenos Aires
2021,3,42966,Capital Federal
2021,3,22331,Catamarca
2021,3,27583,Chaco
2021,3,8946,Chubut
2021,3,167495,Córdoba
2021,3,7542,Corrientes
2021,3,20485,Entre Ríos
2021,3,4730,Formosa
2021,3,19926,Jujuy
2021,3,17817,La Pampa
2021,3,9444,La Rioja
2021,3,70579,Mendoza
2021,3,10969,Misiones
2021,3,16455,Neuquén
2021,3,18725,Río Negro
2021,3,36126,Salta
2021,3,6670,San Juan
2021,3,27,San Luis
2021,3,6328,Santa Cruz
2021,3,93412,Santa Fe
2021,3,909,Santiago Del Estero
2021,3,6,Tierra Del Fuego
2021,3,70964,Tucumán
2021,2,854173,Buenos Aires
2021,2,41318,Capital Federal
2021,2,22331,Catamarca
2021,2,27584,Chaco
2021,2,6081,Chubut
2021,2,151855,Córdoba
2021,2,3731,Corrientes
2021,2,17856,Entre Ríos
2021,2,3610,Formosa
2021,2,19611,Jujuy
2021,2,17132,La Pampa
2021,2,9445,La Rioja
2021,2,44696,Mendoza
2021,2,10376,Misiones
2021,2,15619,Neuquén
2021,2,18727,Río Negro
2021,2,32050,Salta
2021,2,6673,San Juan
2021,2,28,San Luis
2021,2,6328,Santa Cruz
2021,2,90424,Santa Fe
2021,2,909,Santiago Del Estero
2021,2,6,Tierra Del Fuego
2021,2,71683,Tucumán
2021,1,821597,Buenos Aires
2021,1,39980,Capital Federal
2021,1,18688,Catamarca
2021,1,25426,Chaco
2021,1,3444,Chubut
2021,1,134634,Córdoba
2021,1,3337,Corrientes
2021,1,16846,Entre Ríos
2021,1,2562,Formosa
2021,1,17322,Jujuy
2021,1,15779,La Pampa
2021,1,1,La Rioja
2021,1,38619,Mendoza
2021,1,7064,Misiones
2021,1,14171,Neuquén
2021,1,17828,Río Negro
2021,1,31498,Salta
2021,1,6671,San Juan
2021,1,28,San Luis
2021,1,5975,Santa Cruz
2021,1,70976,Santa Fe
2021,1,570,Santiago Del Estero
2021,1,6,Tierra Del Fuego
2021,1,69954,Tucumán
2020,4,804991,Buenos Aires
2020,4,39890,Capital Federal
2020,4,17856,Catamarca
2020,4,23687,Chaco
2020,4,3040,Chubut
2020,4,125620,Córdoba
2020,4,3146,Corrientes
2020,4,15653,Entre Ríos
2020,4,2432,Formosa
2020,4,15639,Jujuy
2020,4,15432,La Pampa
2020,4,1,La Rioja
2020,4,36083,Mendoza
2020,4,6589,Misiones
2020,4,13732,Neuquén
2020,4,17826,Río Negro
2020,4,30604,Salta
2020,4,6599,San Juan
2020,4,27,San Luis
2020,4,1041,Santa Cruz
2020,4,62692,Santa Fe
2020,4,570,Santiago Del Estero
2020,4,6,Tierra Del Fuego
2020,4,68043,Tucumán
2020,3,749087,Buenos Aires
2020,3,39417,Capital Federal
2020,3,16857,Catamarca
2020,3,20675,Chaco
2020,3,2897,Chubut
2020,3,102217,Córdoba
2020,3,2960,Corrientes
2020,3,13954,Entre Ríos
2020,3,2000,Formosa
2020,3,11112,Jujuy
2020,3,14677,La Pampa
2020,3,1,La Rioja
2020,3,32817,Mendoza
2020,3,2572,Misiones
2020,3,11043,Neuquén
2020,3,10381,Río Negro
2020,3,25445,Salta
2020,3,5509,San Juan
2020,3,6,San Luis
2020,3,1027,Santa Cruz
2020,3,45721,Santa Fe
2020,3,555,Santiago Del Estero
2020,3,0,Tierra Del Fuego
2020,3,59949,Tucumán
2020,2,723072,Buenos Aires
2020,2,39482,Capital Federal
2020,2,14878,Catamarca
2020,2,17266,Chaco
2020,2,1324,Chubut
2020,2,85818,Córdoba
2020,2,3144,Corrientes
2020,2,13954,Entre Ríos
2020,2,1882,Formosa
2020,2,5057,Jujuy
2020,2,14232,La Pampa
2020,2,1,La Rioja
2020,2,29613,Mendoza
2020,2,2579,Misiones
2020,2,11037,Neuquén
2020,2,10382,Río Negro
2020,2,24289,Salta
2020,2,5509,San Juan
2020,2,6,San Luis
2020,2,1027,Santa Cruz
2020,2,46698,Santa Fe
2020,2,355,Santiago Del Estero
2020,2,0,Tierra Del Fuego
2020,2,55120,Tucumán
2020,1,720688,Buenos Aires
2020,1,38898,Capital Federal
2020,1,12056,Catamarca
2020,1,11958,Chaco
2020,1,1324,Chubut
2020,1,68512,Córdoba
2020,1,2172,Corrientes
2020,1,13245,Entre Ríos
2020,1,1800,Formosa
2020,1,3078,Jujuy
2020,1,13821,La Pampa
2020,1,0,La Rioja
2020,1,28059,Mendoza
2020,1,1220,Misiones
2020,1,11031,Neuquén
2020,1,10381,Río Negro
2020,1,23025,Salta
2020,1,5508,San Juan
2020,1,5,San Luis
2020,1,1026,Santa Cruz
2020,1,35123,Santa Fe
2020,1,200,Santiago Del Estero
2020,1,0,Tierra Del Fuego
2020,1,44687,Tucumán
2019,4,669194,Buenos Aires
2019,4,35534,Capital Federal
2019,4,9506,Catamarca
2019,4,8831,Chaco
2019,4,1324,Chubut
2019,4,53335,Córdoba
2019,4,2002,Corrientes
2019,4,12875,Entre Ríos
2019,4,1760,Formosa
2019,4,873,Jujuy
2019,4,4942,La Pampa
2019,4,0,La Rioja
2019,4,24989,Mendoza
2019,4,847,Misiones
2019,4,10549,Neuquén
2019,4,9658,Río Negro
2019,4,21865,Salta
2019,4,4931,San Juan
2019,4,6,San Luis
2019,4,1036,Santa Cruz
2019,4,27464,Santa Fe
2019,4,200,Santiago Del Estero
2019,4,0,Tierra Del Fuego
2019,4,39574,Tucumán
2019,3,425386,Buenos Aires
2019,3,24900,Capital Federal
2019,3,13,Catamarca
2019,3,8063,Chaco
2019,3,1917,Chubut
2019,3,30064,Córdoba
2019,3,1888,Corrientes
2019,3,12888,Entre Ríos
2019,3,1476,Formosa
2019,3,274,Jujuy
2019,3,4994,La Pampa
2019,3,11,La Rioja
2019,3,6865,Mendoza
2019,3,829,Misiones
2019,3,5560,Neuquén
2019,3,9739,Río Negro
2019,3,733,Salta
2019,3,1227,San Juan
2019,3,350,San Luis
2019,3,969,Santa Cruz
2019,3,18690,Santa Fe
2019,3,219,Santiago Del Estero
2019,3,651,Tierra Del Fuego
2019,3,116,Tucumán
2019,2,382971,Buenos Aires
2019,2,36082,Capital Federal
2019,2,13,Catamarca
2019,2,4203,Chaco
2019,2,1917,Chubut
2019,2,23023,Córdoba
2019,2,1701,Corrientes
2019,2,12764,Entre Ríos
2019,2,1382,Formosa
2019,2,274,Jujuy
2019,2,4840,La Pampa
2019,2,11,La Rioja
2019,2,6865,Mendoza
2019,2,543,Misiones
2019,2,4983,Neuquén
2019,2,4037,Río Negro
2019,2,725,Salta
2019,2,1174,San Juan
2019,2,347,San Luis
2019,2,379,Santa Cruz
2019,2,18236,Santa Fe
2019,2,219,Santiago Del Estero
2019,2,651,Tierra Del Fuego
2019,2,116,Tucumán
2019,1,336362,Buenos Aires
2019,1,32281,Capital Federal
2019,1,16,Catamarca
2019,1,1951,Chaco
2019,1,1923,Chubut
2019,1,19902,Córdoba
2019,1,1615,Corrientes
2019,1,12723,Entre Ríos
2019,1,940,Formosa
2019,1,153,Jujuy
2019,1,2891,La Pampa
2019,1,12,La Rioja
2019,1,5662,Mendoza
2019,1,465,Misiones
2019,1,3114,Neuquén
2019,1,3994,Río Negro
2019,1,647,Salta
2019,1,808,San Juan
2019,1,378,San Luis
2019,1,382,Santa Cruz
2019,1,15621,Santa Fe
2019,1,23,Santiago Del Estero
2019,1,1623,Tierra Del Fuego
2019,1,118,Tucumán
2018,4,296102,Buenos Aires
2018,4,33042,Capital Federal
2018,4,16,Catamarca
2018,4,1940,Chaco
2018,4,952,Chubut
2018,4,17675,Córdoba
2018,4,796,Corrientes
2018,4,4853,Entre Ríos
2018,4,887,Formosa
2018,4,153,Jujuy
2018,4,2685,La Pampa
2018,4,12,La Rioja
2018,4,5665,Mendoza
2018,4,465,Misiones
2018,4,3115,Neuquén
2018,4,1299,Río Negro
2018,4,638,Salta
2018,4,806,San Juan
2018,4,378,San Luis
2018,4,382,Santa Cruz
2018,4,14387,Santa Fe
2018,4,23,Santiago Del Estero
2018,4,1623,Tierra Del Fuego
2018,4,119,Tucumán
2018,3,156382,Buenos Aires
2018,3,35694,Capital Federal
2018,3,15,Catamarca
2018,3,1990,Chaco
2018,3,1239,Chubut
2018,3,15785,Córdoba
2018,3,212,Corrientes
2018,3,2403,Entre Ríos
2018,3,817,Formosa
2018,3,32,Jujuy
2018,3,8437,La Pampa
2018,3,13,La Rioja
2018,3,5744,Mendoza
2018,3,512,Misiones
2018,3,998,Neuquén
2018,3,1252,Río Negro
2018,3,678,Salta
2018,3,826,San Juan
2018,3,368,San Luis
2018,3,585,Santa Cruz
2018,3,11749,Santa Fe
2018,3,23,Santiago Del Estero
2018,3,1502,Tierra Del Fuego
2018,3,110,Tucumán
2018,2,143626,Buenos Aires
2018,2,35610,Capital Federal
2018,2,15,Catamarca
2018,2,562,Chaco
2018,2,1239,Chubut
2018,2,13832,Córdoba
2018,2,201,Corrientes
2018,2,2405,Entre Ríos
2018,2,18,Formosa
2018,2,23,Jujuy
2018,2,8420,La Pampa
2018,2,13,La Rioja
2018,2,3084,Mendoza
2018,2,512,Misiones
2018,2,998,Neuquén
2018,2,1252,Río Negro
2018,2,678,Salta
2018,2,826,San Juan
2018,2,368,San Luis
2018,2,585,Santa Cruz
2018,2,11354,Santa Fe
2018,2,23,Santiago Del Estero
2018,2,531,Tierra Del Fuego
2018,2,110,Tucumán
2018,1,133928,Buenos Aires
2018,1,35535,Capital Federal
2018,1,15,Catamarca
2018,1,383,Chaco
2018,1,1194,Chubut
2018,1,13178,Córdoba
2018,1,888,Corrientes
2018,1,3789,Entre Ríos
2018,1,17,Formosa
2018,1,23,Jujuy
2018,1,8386,La Pampa
2018,1,13,La Rioja
2018,1,3086,Mendoza
2018,1,328,Misiones
2018,1,1000,Neuquén
2018,1,1251,Río Negro
2018,1,118,Salta
2018,1,826,San Juan
2018,1,368,San Luis
2018,1,1799,Santa Cruz
2018,1,10674,Santa Fe
2018,1,23,Santiago Del Estero
2018,1,531,Tierra Del Fuego
2018,1,107,Tucumán
2017,4,131181,Buenos Aires
2017,4,36277,Capital Federal
2017,4,11,Catamarca
2017,4,389,Chaco
2017,4,1187,Chubut
2017,4,12778,Córdoba
2017,4,894,Corrientes
2017,4,1894,Entre Ríos
2017,4,19,Formosa
2017,4,20,Jujuy
2017,4,8272,La Pampa
2017,4,14,La Rioja
2017,4,3015,Mendoza
2017,4,95,Misiones
2017,4,1017,Neuquén
2017,4,1250,Río Negro
2017,4,127,Salta
2017,4,812,San Juan
2017,4,335,San Luis
2017,4,582,Santa Cruz
2017,4,10602,Santa Fe
2017,4,19,Santiago Del Estero
2017,4,530,Tierra Del Fuego
2017,4,105,Tucumán
2017,3,124920,Buenos Aires
2017,3,33481,Capital Federal
2017,3,12,Catamarca
2017,3,456,Chaco
2017,3,1217,Chubut
2017,3,10579,Córdoba
2017,3,947,Corrientes
2017,3,1786,Entre Ríos
2017,3,428,Formosa
2017,3,20,Jujuy
2017,3,5153,La Pampa
2017,3,14,La Rioja
2017,3,2772,Mendoza
2017,3,110,Misiones
2017,3,1044,Neuquén
2017,3,1106,Río Negro
2017,3,127,Salta
2017,3,816,San Juan
2017,3,347,San Luis
2017,3,1544,Santa Cruz
2017,3,6338,Santa Fe
2017,3,19,Santiago Del Estero
2017,3,622,Tierra Del Fuego
2017,3,106,Tucumán
2017,2,119132,Buenos Aires
2017,2,38628,Capital Federal
2017,2,14,Catamarca
2017,2,458,Chaco
2017,2,916,Chubut
2017,2,4451,Córdoba
2017,2,258,Corrientes
2017,2,254,Entre Ríos
2017,2,17,Formosa
2017,2,22,Jujuy
2017,2,5194,La Pampa
2017,2,15,La Rioja
2017,2,2581,Mendoza
2017,2,103,Misiones
2017,2,1133,Neuquén
2017,2,961,Río Negro
2017,2,115,Salta
2017,2,772,San Juan
2017,2,354,San Luis
2017,2,1365,Santa Cruz
2017,2,3234,Santa Fe
2017,2,19,Santiago Del Estero
2017,2,665,Tierra Del Fuego
2017,2,116,Tucumán
2017,1,118839,Buenos Aires
2017,1,38259,Capital Federal
2017,1,14,Catamarca
2017,1,252,Chaco
2017,1,916,Chubut
2017,1,4871,Córdoba
2017,1,236,Corrientes
2017,1,230,Entre Ríos
2017,1,16,Formosa
2017,1,22,Jujuy
2017,1,5194,La Pampa
2017,1,15,La Rioja
2017,1,2581,Mendoza
2017,1,101,Misiones
2017,1,1124,Neuquén
2017,1,954,Río Negro
2017,1,114,Salta
2017,1,772,San Juan
2017,1,354,San Luis
2017,1,1272,Santa Cruz
2017,1,3210,Santa Fe
2017,1,19,Santiago Del Estero
2017,1,665,Tierra Del Fuego
2017,1,116,Tucumán
2016,4,118747,Buenos Aires
2016,4,38161,Capital Federal
2016,4,14,Catamarca
2016,4,248,Chaco
2016,4,916,Chubut
2016,4,3368,Córdoba
2016,4,233,Corrientes
2016,4,226,Entre Ríos
2016,4,16,Formosa
2016,4,22,Jujuy
2016,4,5054,La Pampa
2016,4,16,La Rioja
2016,4,2579,Mendoza
2016,4,100,Misiones
2016,4,1124,Neuquén
2016,4,954,Río Negro
2016,4,110,Salta
2016,4,772,San Juan
2016,4,354,San Luis
2016,4,1055,Santa Cruz
2016,4,3201,Santa Fe
2016,4,19,Santiago Del Estero
2016,4,665,Tierra Del Fuego
2016,4,116,Tucumán
2016,3,113463,Buenos Aires
2016,3,36796,Capital Federal
2016,3,14,Catamarca
2016,3,232,Chaco
2016,3,916,Chubut
2016,3,2540,Córdoba
2016,3,217,Corrientes
2016,3,206,Entre Ríos
2016,3,9,Formosa
2016,3,22,Jujuy
2016,3,4910,La Pampa
2016,3,15,La Rioja
2016,3,2576,Mendoza
2016,3,79,Misiones
2016,3,1093,Neuquén
2016,3,942,Río Negro
2016,3,90,Salta
2016,3,770,San Juan
2016,3,354,San Luis
2016,3,817,Santa Cruz
2016,3,3037,Santa Fe
2016,3,19,Santiago Del Estero
2016,3,665,Tierra Del Fuego
2016,3,116,Tucumán
2016,2,113070,Buenos Aires
2016,2,36669,Capital Federal
2016,2,14,Catamarca
2016,2,221,Chaco
2016,2,916,Chubut
2016,2,1709,Córdoba
2016,2,203,Corrientes
2016,2,169,Entre Ríos
2016,2,6,Formosa
2016,2,22,Jujuy
2016,2,4708,La Pampa
2016,2,15,La Rioja
2016,2,2576,Mendoza
2016,2,77,Misiones
2016,2,1088,Neuquén
2016,2,939,Río Negro
2016,2,85,Salta
2016,2,770,San Juan
2016,2,354,San Luis
2016,2,396,Santa Cruz
2016,2,2981,Santa Fe
2016,2,19,Santiago Del Estero
2016,2,665,Tierra Del Fuego
2016,2,116,Tucumán
2016,1,111231,Buenos Aires
2016,1,36332,Capital Federal
2016,1,15,Catamarca
2016,1,211,Chaco
2016,1,916,Chubut
2016,1,674,Córdoba
2016,1,192,Corrientes
2016,1,146,Entre Ríos
2016,1,5,Formosa
2016,1,22,Jujuy
2016,1,4536,La Pampa
2016,1,16,La Rioja
2016,1,2576,Mendoza
2016,1,70,Misiones
2016,1,1085,Neuquén
2016,1,937,Río Negro
2016,1,73,Salta
2016,1,770,San Juan
2016,1,354,San Luis
2016,1,396,Santa Cruz
2016,1,3014,Santa Fe
2016,1,19,Santiago Del Estero
2016,1,665,Tierra Del Fuego
2016,1,116,Tucumán
2015,4,103269,Buenos Aires
2015,4,19818,Capital Federal
2015,4,15,Catamarca
2015,4,186,Chaco
2015,4,916,Chubut
2015,4,480,Córdoba
2015,4,177,Corrientes
2015,4,122,Entre Ríos
2015,4,4,Formosa
2015,4,22,Jujuy
2015,4,4327,La Pampa
2015,4,16,La Rioja
2015,4,2572,Mendoza
2015,4,48,Misiones
2015,4,1048,Neuquén
2015,4,915,Río Negro
2015,4,47,Salta
2015,4,770,San Juan
2015,4,354,San Luis
2015,4,396,Santa Cruz
2015,4,2885,Santa Fe
2015,4,19,Santiago Del Estero
2015,4,665,Tierra Del Fuego
2015,4,116,Tucumán
2015,3,113590,Buenos Aires
2015,3,30974,Capital Federal
2015,3,15,Catamarca
2015,3,186,Chaco
2015,3,916,Chubut
2015,3,1450,Córdoba
2015,3,176,Corrientes
2015,3,122,Entre Ríos
2015,3,2,Formosa
2015,3,22,Jujuy
2015,3,4078,La Pampa
2015,3,16,La Rioja
2015,3,2572,Mendoza
2015,3,46,Misiones
2015,3,1045,Neuquén
2015,3,917,Río Negro
2015,3,47,Salta
2015,3,770,San Juan
2015,3,354,San Luis
2015,3,396,Santa Cruz
2015,3,4169,Santa Fe
2015,3,19,Santiago Del Estero
2015,3,665,Tierra Del Fuego
2015,3,116,Tucumán
2015,2,115660,Buenos Aires
2015,2,19786,Capital Federal
2015,2,15,Catamarca
2015,2,179,Chaco
2015,2,916,Chubut
2015,2,435,Córdoba
2015,2,157,Corrientes
2015,2,119,Entre Ríos
2015,2,2,Formosa
2015,2,22,Jujuy
2015,2,3719,La Pampa
2015,2,16,La Rioja
2015,2,2572,Mendoza
2015,2,37,Misiones
2015,2,1044,Neuquén
2015,2,916,Río Negro
2015,2,47,Salta
2015,2,770,San Juan
2015,2,354,San Luis
2015,2,396,Santa Cruz
2015,2,2877,Santa Fe
2015,2,19,Santiago Del Estero
2015,2,665,Tierra Del Fuego
2015,2,116,Tucumán
2015,1,134177,Buenos Aires
2015,1,19334,Capital Federal
2015,1,16,Catamarca
2015,1,164,Chaco
2015,1,906,Chubut
2015,1,415,Córdoba
2015,1,129,Corrientes
2015,1,108,Entre Ríos
2015,1,1,Formosa
2015,1,22,Jujuy
2015,1,3215,La Pampa
2015,1,16,La Rioja
2015,1,2542,Mendoza
2015,1,30,Misiones
2015,1,1024,Neuquén
2015,1,907,Río Negro
2015,1,47,Salta
2015,1,755,San Juan
2015,1,351,San Luis
2015,1,392,Santa Cruz
2015,1,2845,Santa Fe
2015,1,19,Santiago Del Estero
2015,1,657,Tierra Del Fuego
2015,1,116,Tucumán
2014,4,120528,Buenos Aires
2014,4,17155,Capital Federal
2014,4,16,Catamarca
2014,4,31,Chaco
2014,4,891,Chubut
2014,4,419,Córdoba
2014,4,40,Corrientes
2014,4,57,Entre Ríos
2014,4,1,Formosa
2014,4,22,Jujuy
2014,4,514,La Pampa
2014,4,17,La Rioja
2014,4,2534,Mendoza
2014,4,16,Misiones
2014,4,1014,Neuquén
2014,4,901,Río Negro
2014,4,48,Salta
2014,4,740,San Juan
2014,4,355,San Luis
2014,4,388,Santa Cruz
2014,4,3205,Santa Fe
2014,4,19,Santiago Del Estero
2014,4,655,Tierra Del Fuego
2014,4,116,Tucumán
2014,3,124474,Buenos Aires
2014,3,17886,Capital Federal
2014,3,15,Catamarca
2014,3,29,Chaco
2014,3,882,Chubut
2014,3,444,Córdoba
2014,3,31,Corrientes
2014,3,48,Entre Ríos
2014,3,0,Formosa
2014,3,22,Jujuy
2014,3,538,La Pampa
2014,3,14,La Rioja
2014,3,2512,Mendoza
2014,3,4,Misiones
2014,3,1000,Neuquén
2014,3,888,Río Negro
2014,3,43,Salta
2014,3,731,San Juan
2014,3,355,San Luis
2014,3,385,Santa Cruz
2014,3,4407,Santa Fe
2014,3,19,Santiago Del Estero
2014,3,650,Tierra Del Fuego
2014,3,117,Tucumán
2014,2,120008,Buenos Aires
2014,2,17729,Capital Federal
2014,2,17,Catamarca
2014,2,30,Chaco
2014,2,866,Chubut
2014,2,351,Córdoba
2014,2,31,Corrientes
2014,2,49,Entre Ríos
2014,2,0,Formosa
2014,2,23,Jujuy
2014,2,513,La Pampa
2014,2,14,La Rioja
2014,2,2480,Mendoza
2014,2,4,Misiones
2014,2,997,Neuquén
2014,2,876,Río Negro
2014,2,45,Salta
2014,2,722,San Juan
2014,2,354,San Luis
2014,2,381,Santa Cruz
2014,2,3085,Santa Fe
2014,2,19,Santiago Del Estero
2014,2,648,Tierra Del Fuego
2014,2,121,Tucumán
2014,1,120960,Buenos Aires
2014,1,17767,Capital Federal
2014,1,17,Catamarca
2014,1,30,Chaco
2014,1,866,Chubut
2014,1,347,Córdoba
2014,1,31,Corrientes
2014,1,49,Entre Ríos
2014,1,0,Formosa
2014,1,23,Jujuy
2014,1,513,La Pampa
2014,1,14,La Rioja
2014,1,2480,Mendoza
2014,1,4,Misiones
2014,1,997,Neuquén
2014,1,876,Río Negro
2014,1,45,Salta
2014,1,722,San Juan
2014,1,354,San Luis
2014,1,381,Santa Cruz
2014,1,3059,Santa Fe
2014,1,19,Santiago Del Estero
2014,1,648,Tierra Del Fuego
2014,1,121,Tucumán
